<?xml version="1.0" encoding="utf-8" standalone="yes"?>
<rss version="2.0" xmlns:atom="http://www.w3.org/2005/Atom">
  <channel>
    <title>3 Super Hot Chillies | Thrilling Slot Game in Australia on 3 Super Hot Chillies Game</title>
    <link>https://3superhotchillies.org/responsible-gaming/</link>
    <description>Recent content in 3 Super Hot Chillies | Thrilling Slot Game in Australia on 3 Super Hot Chillies Game</description>
    <generator>Hugo</generator>
    <language>en</language>
    <lastBuildDate></lastBuildDate>
    <atom:link href="https://3superhotchillies.org/responsible-gaming/index.xml" rel="self" type="application/rss+xml" />
  </channel>
</rss>
